Handle,Title,Body (HTML),Vendor,Product Category,Type,Tags,Published,Option1 Name,Option1 Value,Option1 Linked To,Option2 Name,Option2 Value,Option2 Linked To,Option3 Name,Option3 Value,Option3 Linked To,Variant SKU,Variant Grams,Variant Inventory Tracker,Variant Inventory Qty,Variant Inventory Policy,Variant Fulfillment Service,Variant Price,Variant Compare At Price,Variant Requires Shipping,Variant Taxable,Variant Barcode,Image Src,Image Position,Image Alt Text,Gift Card,SEO Title,SEO Description,Google Shopping / Google Product Category,Google Shopping / Gender,Google Shopping / Age Group,Google Shopping / MPN,Google Shopping / Condition,Google Shopping / Custom Product,Google Shopping / Custom Label 0,Google Shopping / Custom Label 1,Google Shopping / Custom Label 2,Google Shopping / Custom Label 3,Google Shopping / Custom Label 4,Google: Custom Product (product.metafields.mm-google-shopping.custom_product),Tipo de dispensador (product.metafields.shopify.dispenser-type),Certificaciones y estándares del producto (product.metafields.shopify.product-certifications-standards),Adecuado para tipo de piel (product.metafields.shopify.suitable-for-skin-type),Sexo objetivo (product.metafields.shopify.target-gender),Productos complementarios (product.metafields.shopify--discovery--product_recommendation.complementary_products),Productos relacionados (product.metafields.shopify--discovery--product_recommendation.related_products),Configuración de productos relacionados (product.metafields.shopify--discovery--product_recommendation.related_products_display),Buscar impulsos de productos (product.metafields.shopify--discovery--product_search_boost.queries),Variant Image,Variant Weight Unit,Variant Tax Code,Cost per item,Status
desodorante-corporal-de-piedra-de-alumbre-sales-naturales-en-spray-240-ml-copia,"Desodorante Natural en Spray ZAHAL 15 ml – Unisex, con Piedra de Alumbre– Sin Clorhidrato de Aluminio, Sin Parabenos, Sin Alcohol, Sin Aroma, Vegano, Orgánico, No Mancha, pH Neutro","<p style=""mso-margin-top-alt: auto; mso-margin-bottom-alt: auto; line-height: normal;"" class=""MsoNormal""><span style=""font-size: 12.0pt; line-height: 115%; font-family: 'Aptos',sans-serif; mso-ascii-theme-font: minor-latin; mso-fareast-font-family: Aptos; mso-fareast-theme-font: minor-latin; mso-hansi-theme-font: minor-latin; mso-bidi-font-family: 'Times New Roman'; mso-bidi-theme-font: minor-bidi; mso-ansi-language: ES-MX; mso-fareast-language: EN-US; mso-bidi-language: AR-SA;"">ZAHAL Spray es un desodorante natural líquido, práctico y funcional, elaborado con piedra de alumbre.<br>Brinda protección antibacterial hasta por 24 horas sin interferir con la transpiración natural del cuerpo.</span></p>
<p style=""mso-margin-top-alt: auto; mso-margin-bottom-alt: auto; line-height: normal;"" class=""MsoNormal""><span style=""font-size: 12.0pt; line-height: 115%; font-family: 'Aptos',sans-serif; mso-ascii-theme-font: minor-latin; mso-fareast-font-family: Aptos; mso-fareast-theme-font: minor-latin; mso-hansi-theme-font: minor-latin; mso-bidi-font-family: 'Times New Roman'; mso-bidi-theme-font: minor-bidi; mso-ansi-language: ES-MX; mso-fareast-language: EN-US; mso-bidi-language: AR-SA;"">Su presentación en atomizador es ideal para quienes prefieren una aplicación ligera y rápida. No contiene clorhidrato de aluminio, ni alcohol, ni parabenos.<br>Es apto para piel sensible, sin fragancia, y no deja manchas en ropa ni piel. <br><br>Modo de empleo:<br>Acciona el dispensador y aplica en el cuerpo.</span></p>
<h4 class=""MsoNormal"" style=""line-height: normal;""><br></h4>",ZAHAL PRODUCTOS NATURALES,Health & Beauty > Personal Care > Deodorants & Anti-Perspirant > Deodorants,"","",true,PIEZA,INDIVIDUAL,,,,,,,,T4642,1500.0,,0,deny,manual,45.00,,true,false,'7500326704642,https://cdn.shopify.com/s/files/1/0622/1004/8065/files/8_c937cf13-ffcb-486e-9fc4-d818760d4fb0.png?v=1753911429,1,"",false,,,,,,,,,,,,,,,aerosol,organico; no-toxico; piel-sensible; libre-de-parabeno; producto-ecologico; biodegradable; sin-alcohol,,unisex,,,,,https://cdn.shopify.com/s/files/1/0622/1004/8065/files/8_c937cf13-ffcb-486e-9fc4-d818760d4fb0.png?v=1753911429,kg,,,active
desodorante-corporal-de-piedra-de-alumbre-sales-naturales-en-spray-240-ml-copia,,,,,,,,,TRIO,,,,,,,,T4643,1500.0,,0,deny,manual,110.00,,true,false,"",https://cdn.shopify.com/s/files/1/0622/1004/8065/files/208_42cb1125-2c54-4c81-8638-19328ad37bbf.jpg?v=1753911451,2,"",,,,,,,,,,,,,,,,,,,,,,,,https://cdn.shopify.com/s/files/1/0622/1004/8065/files/9_7aff29ea-8381-417c-a1d9-34fb9ae7f7b8.png?v=1753911608,kg,,,
desodorante-corporal-de-piedra-de-alumbre-sales-naturales-en-spray-240-ml-copia,,,,,,,,,CINCO PACK,,,,,,,,,1500.0,,-1,deny,manual,159.00,,true,false,"",https://cdn.shopify.com/s/files/1/0622/1004/8065/files/209_d68a6e23-a41a-43e0-b1b7-6f6f6dad3123.jpg?v=1753911451,3,"",,,,,,,,,,,,,,,,,,,,,,,,https://cdn.shopify.com/s/files/1/0622/1004/8065/files/10_8dab3bbb-e541-4f12-b463-ec3b880f4fad.png?v=1753911641,kg,,,
desodorante-corporal-de-piedra-de-alumbre-sales-naturales-en-spray-240-ml-copia,,,,,,,,,,,,,,,,,,,,,,,,,,,,https://cdn.shopify.com/s/files/1/0622/1004/8065/files/210_52c8a52c-62c9-4e8b-ad0b-8ac554925985.jpg?v=1753911451,4,"",,,,,,,,,,,,,,,,,,,,,,,,,,,,
desodorante-corporal-de-piedra-de-alumbre-sales-naturales-en-spray-240-ml-copia,,,,,,,,,,,,,,,,,,,,,,,,,,,,https://cdn.shopify.com/s/files/1/0622/1004/8065/files/9_7aff29ea-8381-417c-a1d9-34fb9ae7f7b8.png?v=1753911608,5,"",,,,,,,,,,,,,,,,,,,,,,,,,,,,
desodorante-corporal-de-piedra-de-alumbre-sales-naturales-en-spray-240-ml-copia,,,,,,,,,,,,,,,,,,,,,,,,,,,,https://cdn.shopify.com/s/files/1/0622/1004/8065/files/10_8dab3bbb-e541-4f12-b463-ec3b880f4fad.png?v=1753911641,6,"",,,,,,,,,,,,,,,,,,,,,,,,,,,,
desodorante-corporal-de-piedra-de-alumbre-sales-naturales-en-spray-240-ml-copia-1,Desodorante Corporal de piedra de alumbre sales naturales en Spray 240 ml (Copia),"<p style=""mso-margin-top-alt: auto; mso-margin-bottom-alt: auto; line-height: normal;"" class=""MsoNormal""><span style=""font-size: 12.0pt; font-family: 'Calibri Light',sans-serif; mso-fareast-font-family: 'Times New Roman'; mso-fareast-language: ES-MX;""><span style=""vertical-align: inherit;""><span style=""vertical-align: inherit;""><span style=""vertical-align: inherit;""><span style=""vertical-align: inherit;""><span style=""vertical-align: inherit;""><span style=""vertical-align: inherit;"">Desodorante Corporal Natural en Spray 240 ml </span></span></span></span></span></span></span></p>
<p style=""mso-margin-top-alt: auto; mso-margin-bottom-alt: auto; line-height: normal;"" class=""MsoNormal""><span style=""font-size: 12.0pt; font-family: 'Calibri Light',sans-serif; mso-ascii-theme-font: major-latin; mso-fareast-font-family: 'Times New Roman'; mso-hansi-theme-font: major-latin; mso-bidi-theme-font: major-latin; mso-fareast-language: ES-MX;""><span style=""vertical-align: inherit;""><span style=""vertical-align: inherit;""><span style=""vertical-align: inherit;""><span style=""vertical-align: inherit;""><span style=""vertical-align: inherit;""><span style=""vertical-align: inherit;"">Ideal para todo el cuerpo. </span></span></span></span></span></span><br><span style=""vertical-align: inherit;""><span style=""vertical-align: inherit;""><span style=""vertical-align: inherit;""><span style=""vertical-align: inherit;""><span style=""vertical-align: inherit;""><span style=""vertical-align: inherit;"">Desodorante en spray de piedra de alumbre (sales minerales con potasio)<br>Sin alcohol, sin parabenos  </span></span></span></span></span></span><br><span style=""vertical-align: inherit;""><span style=""vertical-align: inherit;""><span style=""vertical-align: inherit;""><span style=""vertical-align: inherit;""><span style=""vertical-align: inherit;""><span style=""vertical-align: inherit;"">Elimina el mal olor, protección las 24 hrs. </span></span></span></span></span></span><br><span style=""vertical-align: inherit;""><span style=""vertical-align: inherit;""><span style=""vertical-align: inherit;""><span style=""vertical-align: inherit;""><span style=""vertical-align: inherit;""><span style=""vertical-align: inherit;"">Sin irritaciones en la piel. </span></span></span></span></span></span><br><span style=""vertical-align: inherit;""><span style=""vertical-align: inherit;""><span style=""vertical-align: inherit;""><span style=""vertical-align: inherit;""><span style=""vertical-align: inherit;""><span style=""vertical-align: inherit;"">No deja manchas en la ropa.</span></span></span></span></span></span></span><span style=""font-size: 12.0pt; font-family: 'Times New Roman',serif; mso-fareast-font-family: 'Times New Roman'; mso-fareast-language: ES-MX;""></span></p>
<p style=""mso-margin-top-alt: auto; mso-margin-bottom-alt: auto; line-height: normal;"" class=""MsoNormal""><span style=""font-size: 12.0pt; font-family: 'Calibri Light',sans-serif; mso-ascii-theme-font: major-latin; mso-fareast-font-family: 'Times New Roman'; mso-hansi-theme-font: major-latin; mso-bidi-theme-font: major-latin; mso-fareast-language: ES-MX;""><span style=""vertical-align: inherit;""><span style=""vertical-align: inherit;""><span style=""vertical-align: inherit;""><span style=""vertical-align: inherit;""><span style=""vertical-align: inherit;""><span style=""vertical-align: inherit;"">Modo de empleo: </span></span></span></span></span></span><br><span style=""vertical-align: inherit;""><span style=""vertical-align: inherit;""><span style=""vertical-align: inherit;""><span style=""vertical-align: inherit;""><span style=""vertical-align: inherit;""><span style=""vertical-align: inherit;"">Acciona el dispensador y aplica en el cuerpo.</span></span></span></span></span></span></span><span style=""font-size: 12.0pt; font-family: 'Times New Roman',serif; mso-fareast-font-family: 'Times New Roman'; mso-fareast-language: ES-MX;""></span></p>",ZAHAL PRODUCTOS NATURALES,Health & Beauty > Personal Care > Deodorants & Anti-Perspirant > Deodorants,"","",false,PIEZA,INDIVIDUAL,,,,,,,,T4642,1500.0,,0,deny,manual,131.00,,true,false,'7500326704642,https://cdn.shopify.com/s/files/1/0622/1004/8065/files/ZAHAL_Shopify_35.jpg?v=1730911215,1,"",false,,,,,,,,,,,,,,,aerosol,organico; no-toxico; piel-sensible; libre-de-parabeno; producto-ecologico; biodegradable; sin-alcohol,,unisex,,,,,https://cdn.shopify.com/s/files/1/0622/1004/8065/files/ZAHAL_Shopify_35.jpg?v=1730911215,kg,,,draft
desodorante-corporal-de-piedra-de-alumbre-sales-naturales-en-spray-240-ml-copia-1,,,,,,,,,DUO,,,,,,,,T4643,1500.0,,0,deny,manual,225.00,,true,false,"",https://cdn.shopify.com/s/files/1/0622/1004/8065/files/CORPORAL_DUO.jpg?v=1731624674,2,"",,,,,,,,,,,,,,,,,,,,,,,,https://cdn.shopify.com/s/files/1/0622/1004/8065/files/CORPORAL_DUO.jpg?v=1731624674,kg,,,
desodorante-natural-de-piedra-de-alumbre-roll-on-unisex-90-ml,"Desodorante Natural de Piedra de Alumbre ZAHAL Roll On Unisex 30 ml – Sin Clorhidrato de Aluminio, Sin Alcohol, Sin Fragancia, Sin Parabenos – Con Aloe Vera – Vegano, Orgánico, No Tóxico, pH Neutro","<p><span style=""font-size: 12.0pt; line-height: 115%; font-family: 'Aptos',sans-serif; mso-ascii-theme-font: minor-latin; mso-fareast-font-family: Aptos; mso-fareast-theme-font: minor-latin; mso-hansi-theme-font: minor-latin; mso-bidi-font-family: 'Times New Roman'; mso-bidi-theme-font: minor-bidi; mso-ansi-language: ES-MX; mso-fareast-language: EN-US; mso-bidi-language: AR-SA;"">ZAHAL es un desodorante natural roll on, práctico y funcional, elaborado con piedra de alumbre y extracto de sábila (aloe vera).<br></span></p>
<p><span style=""font-size: 12.0pt; line-height: 115%; font-family: 'Aptos',sans-serif; mso-ascii-theme-font: minor-latin; mso-fareast-font-family: Aptos; mso-fareast-theme-font: minor-latin; mso-hansi-theme-font: minor-latin; mso-bidi-font-family: 'Times New Roman'; mso-bidi-theme-font: minor-bidi; mso-ansi-language: ES-MX; mso-fareast-language: EN-US; mso-bidi-language: AR-SA;"">Brinda protección antibacterial hasta por 24 horas sin interferir con la transpiración natural del cuerpo.Su presentación es ideal para quienes prefieren una aplicación ligera y rápida. No contiene clorhidrato de aluminio, ni alcohol, ni parabenos.<br></span></p>
<p><span style=""font-size: 12.0pt; line-height: 115%; font-family: 'Aptos',sans-serif; mso-ascii-theme-font: minor-latin; mso-fareast-font-family: Aptos; mso-fareast-theme-font: minor-latin; mso-hansi-theme-font: minor-latin; mso-bidi-font-family: 'Times New Roman'; mso-bidi-theme-font: minor-bidi; mso-ansi-language: ES-MX; mso-fareast-language: EN-US; mso-bidi-language: AR-SA;"">Es apto para piel sensible, sin fragancia, y no deja manchas en ropa ni piel. <br><br>Modo de empleo: <br></span><span style=""font-size: 12.0pt; line-height: 115%; font-family: 'Aptos',sans-serif; mso-ascii-theme-font: minor-latin; mso-fareast-font-family: Aptos; mso-fareast-theme-font: minor-latin; mso-hansi-theme-font: minor-latin; mso-bidi-font-family: 'Times New Roman'; mso-bidi-theme-font: minor-bidi; mso-ansi-language: ES-MX; mso-fareast-language: EN-US; mso-bidi-language: AR-SA;"">Gire la canica para retirar el execeso de las sales minerales y frótelo en la piel.</span><br style=""mso-special-character: line-break;""></p>
<p><span style=""vertical-align: inherit;""><span style=""vertical-align: inherit;""><span style=""vertical-align: inherit;""><span style=""vertical-align: inherit;""><br></span></span></span></span></p>",ZAHAL PRODUCTOS NATURALES,Health & Beauty > Personal Care > Deodorants & Anti-Perspirant > Deodorants,"","",true,Title,Default Title,,,,,,,,T5295,0.0,shopify,39,deny,manual,56.00,,true,true,"",https://cdn.shopify.com/s/files/1/0622/1004/8065/files/3.png?v=1753738575,1,"",false,,,543598,,,,,,,,,,,,,,,,,,,,,kg,,,active
desodorante-natural-de-piedra-de-alumbre-roll-on-unisex-90-ml,,,,,,,,,,,,,,,,,,,,,,,,,,,,https://cdn.shopify.com/s/files/1/0622/1004/8065/files/107.jpg?v=1753738575,2,"",,,,,,,,,,,,,,,,,,,,,,,,,,,,
desodorante-natural-de-piedra-de-alumbre-roll-on-unisex-90-ml,,,,,,,,,,,,,,,,,,,,,,,,,,,,https://cdn.shopify.com/s/files/1/0622/1004/8065/files/208.jpg?v=1753740498,3,"",,,,,,,,,,,,,,,,,,,,,,,,,,,,
desodorante-natural-de-piedra-de-alumbre-roll-on-unisex-90-ml,,,,,,,,,,,,,,,,,,,,,,,,,,,,https://cdn.shopify.com/s/files/1/0622/1004/8065/files/209.jpg?v=1753740498,4,"",,,,,,,,,,,,,,,,,,,,,,,,,,,,
desodorante-natural-de-piedra-de-alumbre-roll-on-unisex-90-ml,,,,,,,,,,,,,,,,,,,,,,,,,,,,https://cdn.shopify.com/s/files/1/0622/1004/8065/files/210.jpg?v=1753740037,5,"",,,,,,,,,,,,,,,,,,,,,,,,,,,,
eco-traveler-kit-de-viaje-natural-desodorantes-limpiador-de-manos-jabon,ECO TRAVELER Kit de Viaje Natural Desodorantes naturales + Limpiador de manos + Jabón,"<p><span style=""font-family: 'Calibri Light',sans-serif; mso-ascii-theme-font: major-latin; mso-hansi-theme-font: major-latin; mso-bidi-theme-font: major-latin;""><span style=""vertical-align: inherit;""><span style=""vertical-align: inherit;""><span style=""vertical-align: inherit;""><span style=""vertical-align: inherit;"">KIT ECO VIAJERO.</span></span></span></span></span></p>
<p style=""mso-margin-top-alt: auto; mso-margin-bottom-alt: auto; line-height: normal;"" class=""MsoNormal""><span style=""font-size: 12.0pt; font-family: 'Calibri Light',sans-serif; mso-ascii-theme-font: major-latin; mso-fareast-font-family: 'Times New Roman'; mso-hansi-theme-font: major-latin; mso-bidi-theme-font: major-latin; mso-fareast-language: ES-MX;""><span style=""vertical-align: inherit;""><span style=""vertical-align: inherit;""><span style=""vertical-align: inherit;""><span style=""vertical-align: inherit;"">Viaja con tus mini favoritos. </span></span></span></span><br><span style=""vertical-align: inherit;""><span style=""vertical-align: inherit;""><span style=""vertical-align: inherit;""><span style=""vertical-align: inherit;"">Tamaños permitidos en los puntos de revisión durante tu viaje. </span></span></span></span><br><span style=""vertical-align: inherit;""><span style=""vertical-align: inherit;""><span style=""vertical-align: inherit;""><span style=""vertical-align: inherit;"">Permitido en aguas y playas protegidas. </span></span></span></span><br><span style=""vertical-align: inherit;""><span style=""vertical-align: inherit;""><span style=""vertical-align: inherit;""><span style=""vertical-align: inherit;"">Sin aceites y químicos que perjudiquen el medio ambiente. </span></span></span></span><br><span style=""vertical-align: inherit;""><span style=""vertical-align: inherit;""><span style=""vertical-align: inherit;""><span style=""vertical-align: inherit;"">Es ideal para las personas que tienen hábitos de cuidado personal natural. </span></span></span></span><br><span style=""vertical-align: inherit;""><span style=""vertical-align: inherit;""><span style=""vertical-align: inherit;""><span style=""vertical-align: inherit;"">Para el cuidado de piel, manos y axilas. </span></span></span></span><br><span style=""vertical-align: inherit;""><span style=""vertical-align: inherit;""><span style=""vertical-align: inherit;""><span style=""vertical-align: inherit;"">Contiene: </span></span><br></span></span></span><span style=""font-size: 12.0pt; font-family: 'Calibri Light',sans-serif; mso-ascii-theme-font: major-latin; mso-fareast-font-family: 'Times New Roman'; mso-hansi-theme-font: major-latin; mso-bidi-theme-font: major-latin; mso-fareast-language: ES-MX;""><span style=""vertical-align: inherit;""><span style=""vertical-align: inherit;""><span style=""vertical-align: inherit;""><span style=""vertical-align: inherit;"">2 jabones de árbol de té de 30g  </span></span></span></span><br><span style=""vertical-align: inherit;""><span style=""vertical-align: inherit;""><span style=""vertical-align: inherit;""><span style=""vertical-align: inherit;"">1 Roll on unisex de 30 ml  </span></span></span></span><br><span style=""vertical-align: inherit;""><span style=""vertical-align: inherit;""><span style=""vertical-align: inherit;""><span style=""vertical-align: inherit;"">1 Spray limpiador de manos de 30 ml  </span></span></span></span><br><span style=""vertical-align: inherit;""><span style=""vertical-align: inherit;""><span style=""vertical-align: inherit;""><span style=""vertical-align: inherit;"">1 Eco 3 recargable de 10 gr</span></span></span></span></span></p>",ZAHAL PRODUCTOS NATURALES,Health & Beauty > Personal Care > Cosmetics > Bath & Body,"","",true,Title,Default Title,,,,,,,,T0547,2000.0,,-8,deny,manual,210.00,,true,false,'7502278830547,https://cdn.shopify.com/s/files/1/0622/1004/8065/files/26.png?v=1753740213,1,"",false,,,,,,,,,,,,,,,,,,,,,,,,kg,,,active
eco-traveler-kit-de-viaje-natural-desodorantes-limpiador-de-manos-jabon,,,,,,,,,,,,,,,,,,,,,,,,,,,,https://cdn.shopify.com/s/files/1/0622/1004/8065/files/ZAHAL_momento_2.jpg?v=1753740213,2,"",,,,,,,,,,,,,,,,,,,,,,,,,,,,
eco-traveler-kit-de-viaje-natural-desodorantes-limpiador-de-manos-jabon,,,,,,,,,,,,,,,,,,,,,,,,,,,,https://cdn.shopify.com/s/files/1/0622/1004/8065/files/208.jpg?v=1753740498,3,"",,,,,,,,,,,,,,,,,,,,,,,,,,,,
eco-traveler-kit-de-viaje-natural-desodorantes-limpiador-de-manos-jabon,,,,,,,,,,,,,,,,,,,,,,,,,,,,https://cdn.shopify.com/s/files/1/0622/1004/8065/files/209.jpg?v=1753740498,4,"",,,,,,,,,,,,,,,,,,,,,,,,,,,,
eco-traveler-kit-de-viaje-natural-desodorantes-limpiador-de-manos-jabon,,,,,,,,,,,,,,,,,,,,,,,,,,,,https://cdn.shopify.com/s/files/1/0622/1004/8065/files/210.jpg?v=1753740037,5,"",,,,,,,,,,,,,,,,,,,,,,,,,,,,
zahal,"Limpiador de manos Natural con Piedra de Alumbre ZAHAL 30 ml,Sin Alcohol, Sin Aroma, Vegano, Orgánico, No Mancha la piel , ph neutro","<p><span style=""font-family: 'Calibri Light',sans-serif;""><span style=""vertical-align: inherit;""><span style=""vertical-align: inherit;""><span style=""vertical-align: inherit;""><span style=""vertical-align: inherit;"">Limpiador para manos natural en spray 30 ml.  </span></span></span></span><br><br><span style=""vertical-align: inherit;""><span style=""vertical-align: inherit;""><span style=""vertical-align: inherit;""><span style=""vertical-align: inherit;""><span style=""vertical-align: inherit;""><span style=""vertical-align: inherit;"">Hecho a base de ventas minerales, sin alcohol, sin aroma. </span></span></span></span></span><br></span><span style=""vertical-align: inherit;""><span style=""vertical-align: inherit;""><span style=""vertical-align: inherit;""><span style=""vertical-align: inherit;""><span style=""vertical-align: inherit;""><span style=""vertical-align: inherit;"">Libre de residuos, deja la piel suave y limpia.</span></span></span></span></span><br></span><span style=""vertical-align: inherit;""><span style=""vertical-align: inherit;""><span style=""vertical-align: inherit;""><span style=""vertical-align: inherit;""><span style=""vertical-align: inherit;""><span style=""vertical-align: inherit;"">Rinde más que las presentaciones en gel, porque no se volatiliza al contacto con la piel. </span></span></span></span></span><br><br></span><span style=""vertical-align: inherit;""><span style=""vertical-align: inherit;""><span style=""vertical-align: inherit;""><span style=""vertical-align: inherit;""><span style=""vertical-align: inherit;""><span style=""vertical-align: inherit;"">Modo de empleo: </span></span></span></span></span><br></span><span style=""vertical-align: inherit;""><span style=""vertical-align: inherit;""><span style=""vertical-align: inherit;""><span style=""vertical-align: inherit;""><span style=""vertical-align: inherit;""><span style=""vertical-align: inherit;"">Aplique en manos y frote uniformemente hasta cubrirlas perfectamente, una vez aplicada no se enjuague. </span></span></span></span></span><br></span><!-- [if !supportLineBreakNewLine]--><span style=""vertical-align: inherit;""><span style=""vertical-align: inherit;""><span style=""vertical-align: inherit;""><span style=""vertical-align: inherit;""><span style=""vertical-align: inherit;""><span style=""vertical-align: inherit;"">No contamine el medio ambiente.</span></span></span></span></span></span></span></p>",ZAHAL PRODUCTOS NATURALES,Health & Beauty > Personal Care > Deodorants & Anti-Perspirant > Deodorants,"","",true,Title,Default Title,,,,,,,,T0448,500.0,,-9,deny,manual,32.00,,true,false,'7502278830448,https://cdn.shopify.com/s/files/1/0622/1004/8065/files/17.png?v=1753754062,1,"",false,,,,,,,,,,,,,,,aerosol,organico; sin-sulfatos; piel-sensible; libre-de-parabeno; producto-ecologico; biodegradable; sin-alcohol,,unisex,,,,,,kg,,,active
zahal,,,,,,,,,,,,,,,,,,,,,,,,,,,,https://cdn.shopify.com/s/files/1/0622/1004/8065/files/84.jpg?v=1753817049,2,"",,,,,,,,,,,,,,,,,,,,,,,,,,,,
zahal-blister-duo-de-desodorante-natural-mini-stick-60-g-spray-corporal-15ml,Juego de Desodorantes Naturales (Mini Stick 60 g y Spray corporal 15ml),"<p class=""selectable-text copyable-text x15bjb6t x1n2onr6"" dir=""ltr""><span class=""selectable-text copyable-text false"">ZAHAL Stick es un desodorante natural en piedra, práctico y funcional, elaborado de piedra de alumbre.</span></p>
<p class=""selectable-text copyable-text x15bjb6t x1n2onr6"" dir=""ltr""><span class=""selectable-text copyable-text false"">Brinda protección antibacterial hasta por 24 horas sin interferir con la transpiración natural del </span><span class=""selectable-text copyable-text false"">cuerpo.Su</span><span class=""selectable-text copyable-text false""> presentación en stick es ideal para quienes prefieren una aplicación ligera y rápida. No contiene clorhidrato de aluminio, ni alcohol, ni parabenos. Es apto para piel sensible, sin fragancia, y no deja manchas en ropa ni piel.</span></p>
<p class=""selectable-text copyable-text x15bjb6t x1n2onr6"" dir=""ltr""><span class=""selectable-text copyable-text false"">Modo de empleo: <br></span><span class=""selectable-text copyable-text false"">Humedezca la piedra y frótela en las axilas.<br></span><span class=""selectable-text copyable-text false"">Duración de 2 años.</span></p>",ZAHAL PRODUCTOS NATURALES,Health & Beauty > Personal Care > Deodorants & Anti-Perspirant > Deodorants,"","",true,Title,Default Title,,,,,,,,T5578,1200.0,,-9,deny,manual,130.00,169.00,true,false,'75055578,https://cdn.shopify.com/s/files/1/0622/1004/8065/files/ZAHAL_Shopify_19.jpg?v=1730402957,1,"",false,,,,,,,,,,,,,,,palillo,piel-sensible; libre-de-parabeno; producto-ecologico; biodegradable; sin-alcohol; no-toxico; organico; vegano; sin-sulfatos,,unisex,,,,,,kg,,,active
zahal-desodorante-corporal-natural-en-spray-240-ml,"Desodorante Natural de Piedra de Alumbre ZAHAL Spray Corporal Unisex 240 ml – Sin Clorhidrato de Aluminio, Sin Alcohol, Sin Fragancia, Sin Parabenos – Vegano, Orgánico, No Tóxico, pH Neutro","<p style=""mso-margin-top-alt: auto; mso-margin-bottom-alt: auto; line-height: normal;"" class=""MsoNormal""><span style=""font-size: 12.0pt; line-height: 115%; font-family: 'Aptos',sans-serif; mso-ascii-theme-font: minor-latin; mso-fareast-font-family: Aptos; mso-fareast-theme-font: minor-latin; mso-hansi-theme-font: minor-latin; mso-bidi-font-family: 'Times New Roman'; mso-bidi-theme-font: minor-bidi; mso-ansi-language: ES-MX; mso-fareast-language: EN-US; mso-bidi-language: AR-SA;"">ZAHAL Spray es un desodorante natural líquido, práctico y funcional, elaborado con piedra de alumbre.<br>Brinda protección antibacterial hasta por 24 horas sin interferir con la transpiración natural del cuerpo.</span></p>
<p style=""mso-margin-top-alt: auto; mso-margin-bottom-alt: auto; line-height: normal;"" class=""MsoNormal""><span style=""font-size: 12.0pt; line-height: 115%; font-family: 'Aptos',sans-serif; mso-ascii-theme-font: minor-latin; mso-fareast-font-family: Aptos; mso-fareast-theme-font: minor-latin; mso-hansi-theme-font: minor-latin; mso-bidi-font-family: 'Times New Roman'; mso-bidi-theme-font: minor-bidi; mso-ansi-language: ES-MX; mso-fareast-language: EN-US; mso-bidi-language: AR-SA;"">Su presentación en atomizador es ideal para quienes prefieren una aplicación ligera y rápida. No contiene clorhidrato de aluminio, ni alcohol, ni parabenos.<br>Es apto para piel sensible, sin fragancia, y no deja manchas en ropa ni piel. <br><br>Modo de empleo:<br>Acciona el dispensador y aplica en el cuerpo.<br></span></p>",ZAHAL PRODUCTOS NATURALES,Health & Beauty > Personal Care > Deodorants & Anti-Perspirant > Deodorants,"","",true,PIEZA,INDIVIDUAL,,,,,,,,T4642,1500.0,,-23,deny,manual,131.00,,true,false,'7500326704642,https://cdn.shopify.com/s/files/1/0622/1004/8065/files/1_c7be3dfa-4d93-46ce-836c-67dbe4a66b92.png?v=1753753301,1,"",false,,,,,,,,,,,,,,,aerosol,organico; no-toxico; piel-sensible; libre-de-parabeno; producto-ecologico; biodegradable; sin-alcohol,,unisex,,,,,https://cdn.shopify.com/s/files/1/0622/1004/8065/files/1_c7be3dfa-4d93-46ce-836c-67dbe4a66b92.png?v=1753753301,kg,,,active
zahal-desodorante-corporal-natural-en-spray-240-ml,,,,,,,,,DUO,,,,,,,,T4643,1500.0,,-15,deny,manual,225.00,,true,false,"",https://cdn.shopify.com/s/files/1/0622/1004/8065/files/2.png?v=1753753312,2,"",,,,,,,,,,,,,,,,,,,,,,,,https://cdn.shopify.com/s/files/1/0622/1004/8065/files/2.png?v=1753753312,kg,,,
zahal-desodorante-corporal-natural-en-spray-240-ml,,,,,,,,,,,,,,,,,,,,,,,,,,,,https://cdn.shopify.com/s/files/1/0622/1004/8065/files/48.jpg?v=1753753277,3,"",,,,,,,,,,,,,,,,,,,,,,,,,,,,
zahal-desodorante-corporal-natural-en-spray-240-ml,,,,,,,,,,,,,,,,,,,,,,,,,,,,https://cdn.shopify.com/s/files/1/0622/1004/8065/files/208.jpg?v=1753740498,4,"",,,,,,,,,,,,,,,,,,,,,,,,,,,,
zahal-desodorante-corporal-natural-en-spray-240-ml,,,,,,,,,,,,,,,,,,,,,,,,,,,,https://cdn.shopify.com/s/files/1/0622/1004/8065/files/209.jpg?v=1753740498,5,"",,,,,,,,,,,,,,,,,,,,,,,,,,,,
zahal-desodorante-corporal-natural-en-spray-240-ml,,,,,,,,,,,,,,,,,,,,,,,,,,,,https://cdn.shopify.com/s/files/1/0622/1004/8065/files/210.jpg?v=1753740037,6,"",,,,,,,,,,,,,,,,,,,,,,,,,,,,
zahal-desodorante-mini-stick-60-g,"Desodorante Natural en Stick Piedra de Alumbre en corcho ZAHAL 60 g  Unisex – Sin Clorhidrato de Aluminio, Sin Parabenos, Sin Alcohol, Sin Aroma, Vegano, Orgánico, No Mancha la piel ni la ropa, pH Neutro","<p class=""MsoNormal""><span style=""font-size: 12.0pt; line-height: 107%; mso-bidi-font-family: Calibri; mso-bidi-theme-font: minor-latin;""><span style=""font-size: 12.0pt; line-height: 115%; font-family: 'Aptos',sans-serif; mso-ascii-theme-font: minor-latin; mso-fareast-font-family: Aptos; mso-fareast-theme-font: minor-latin; mso-hansi-theme-font: minor-latin; mso-bidi-font-family: 'Times New Roman'; mso-bidi-theme-font: minor-bidi; mso-ansi-language: ES-MX; mso-fareast-language: EN-US; mso-bidi-language: AR-SA;""><br>ZAHAL Stick es un desodorante natural en piedra, práctico y funcional, elaborado con piedra de alumbre.<br><br>Brinda protección antibacterial hasta por 24 horas sin interferir con la transpiración natural del cuerpo.Su presentación en piedra es ideal para quienes prefieren una aplicación ligera y rápida. No contiene clorhidrato de aluminio, ni alcohol, ni parabenos. Es apto para piel sensible, sin fragancia, y no deja manchas en ropa ni piel.</span> <br><br><span style=""font-size: 12.0pt; line-height: 115%; font-family: 'Aptos',sans-serif; mso-ascii-theme-font: minor-latin; mso-fareast-font-family: Aptos; mso-fareast-theme-font: minor-latin; mso-hansi-theme-font: minor-latin; mso-bidi-font-family: 'Times New Roman'; mso-bidi-theme-font: minor-bidi; mso-ansi-language: ES-MX; mso-fareast-language: EN-US; mso-bidi-language: AR-SA;"">Humedezca la piedra y frótela en las axilas. <br>Duración de 2 años.</span><br><br></span></p>",ZAHAL PRODUCTOS NATURALES,Health & Beauty > Personal Care > Deodorants & Anti-Perspirant > Deodorants,"","",true,Title,Default Title,,,,,,,,T0431,1200.0,,12,deny,manual,230.00,,true,true,'7502278830431,https://cdn.shopify.com/s/files/1/0622/1004/8065/files/6.png?v=1753739748,1,"",false,,,,,,,,,,,,,,,palillo,sin-alcohol; biodegradable; producto-ecologico; libre-de-parabeno,,unisex,,,,,,kg,,,active
zahal-desodorante-mini-stick-60-g,,,,,,,,,,,,,,,,,,,,,,,,,,,,https://cdn.shopify.com/s/files/1/0622/1004/8065/files/7.png?v=1753740037,2,"",,,,,,,,,,,,,,,,,,,,,,,,,,,,
zahal-desodorante-mini-stick-60-g,,,,,,,,,,,,,,,,,,,,,,,,,,,,https://cdn.shopify.com/s/files/1/0622/1004/8065/files/11.jpg?v=1753740037,3,"",,,,,,,,,,,,,,,,,,,,,,,,,,,,
zahal-desodorante-mini-stick-60-g,,,,,,,,,,,,,,,,,,,,,,,,,,,,https://cdn.shopify.com/s/files/1/0622/1004/8065/files/209.jpg?v=1753740498,4,"",,,,,,,,,,,,,,,,,,,,,,,,,,,,
zahal-desodorante-mini-stick-60-g,,,,,,,,,,,,,,,,,,,,,,,,,,,,https://cdn.shopify.com/s/files/1/0622/1004/8065/files/208.jpg?v=1753740498,5,"",,,,,,,,,,,,,,,,,,,,,,,,,,,,
zahal-desodorante-mini-stick-60-g,,,,,,,,,,,,,,,,,,,,,,,,,,,,https://cdn.shopify.com/s/files/1/0622/1004/8065/files/210.jpg?v=1753740037,6,"",,,,,,,,,,,,,,,,,,,,,,,,,,,,
zahal-desodorante-natural-eco-recargable-3-veces-80-g,"Desodorante Natural Eco Recargable ZAHAL 80 g con Piedra de Alumbre Para todo el cuerpo, Unisex, – Sin Clorhidrato de Aluminio, Sin Parabenos, Sin Alcohol, Sin Aroma, Vegano, Orgánico, No Mancha, pH Neutro","<p class=""MsoNormal"" style=""mso-margin-top-alt: auto; tab-stops: 45.8pt 91.6pt 137.4pt 183.2pt 229.0pt 274.8pt 320.6pt 366.4pt 412.2pt 458.0pt 503.8pt 549.6pt 595.4pt 641.2pt 687.0pt 732.8pt; vertical-align: baseline;""><br>ZAHAL Spray es un desodorante natural líquido, práctico y funcional, elaborado de piedra de alumbre.<br>Brinda protección antibacterial hasta por 24 horas sin interferir con la transpiración natural del cuerpo.Su presentación en atomizador es ideal para quienes prefieren una aplicación ligera y rápida. No contiene clorhidrato de aluminio, ni alcohol, ni parabenos. Es apto para piel sensible, sin fragancia, y no deja manchas en ropa ni piel.<br><br>Modo de empleo: Para activar los cristales, sólo agregue agua purificada hasta donde se indique en la botella (línea verde) y déjela reposar por 12 hrs. Esta acción se puede llevar a cabo hasta tres veces. Acciones el aspersor y aplicar sobre la piel.</p>
<p style=""mso-margin-top-alt: auto; mso-margin-bottom-alt: auto; line-height: normal;"" class=""MsoNormal""><span style=""font-size: 12.0pt; font-family: 'Calibri Light',sans-serif; mso-ascii-theme-font: major-latin; mso-fareast-font-family: 'Times New Roman'; mso-hansi-theme-font: major-latin; mso-bidi-theme-font: major-latin; mso-fareast-language: ES-MX;""> </span></p>",ZAHAL PRODUCTOS NATURALES,Health & Beauty > Personal Care > Deodorants & Anti-Perspirant > Deodorants,"","",true,Title,Default Title,,,,,,,,T0509,1000.0,,-11,deny,manual,163.00,,true,false,'7502278830509,https://cdn.shopify.com/s/files/1/0622/1004/8065/files/11.png?v=1753740323,1,"",false,,,,,,,,,,,,,,,aerosol,sin-alcohol; biodegradable; producto-ecologico; libre-de-parabeno,,unisex,,,,,,kg,,,active
zahal-desodorante-natural-eco-recargable-3-veces-80-g,,,,,,,,,,,,,,,,,,,,,,,,,,,,https://cdn.shopify.com/s/files/1/0622/1004/8065/files/31.jpg?v=1753740498,2,"",,,,,,,,,,,,,,,,,,,,,,,,,,,,
zahal-desodorante-natural-eco-recargable-3-veces-80-g,,,,,,,,,,,,,,,,,,,,,,,,,,,,https://cdn.shopify.com/s/files/1/0622/1004/8065/files/208.jpg?v=1753740498,3,"",,,,,,,,,,,,,,,,,,,,,,,,,,,,
zahal-desodorante-natural-eco-recargable-3-veces-80-g,,,,,,,,,,,,,,,,,,,,,,,,,,,,https://cdn.shopify.com/s/files/1/0622/1004/8065/files/209.jpg?v=1753740498,4,"",,,,,,,,,,,,,,,,,,,,,,,,,,,,
zahal-desodorante-natural-eco-recargable-3-veces-80-g,,,,,,,,,,,,,,,,,,,,,,,,,,,,https://cdn.shopify.com/s/files/1/0622/1004/8065/files/210.jpg?v=1753740037,5,"",,,,,,,,,,,,,,,,,,,,,,,,,,,,
zahal-desodorante-natural-en-spray-para-pies-240ml,"Desodorantes para pies Natural con Piedra de Alumbre en Spray para pies ZAHAL 240 ml,Sin Alcohol, Sin Aroma, Vegano, Orgánico, No Mancha la piel , ph neutro","<p><span style=""font-size: 12.0pt; line-height: 115%; font-family: 'Aptos',sans-serif; mso-ascii-theme-font: minor-latin; mso-fareast-font-family: Aptos; mso-fareast-theme-font: minor-latin; mso-hansi-theme-font: minor-latin; mso-bidi-font-family: 'Times New Roman'; mso-bidi-theme-font: minor-bidi; mso-ansi-language: ES-MX; mso-fareast-language: EN-US; mso-bidi-language: AR-SA;""><br>ZAHAL Spray es un desodorante natural líquido, práctico y funcional, elaborado con piedra de alumbre.<br><br>Brinda protección antibacterial hasta por 24 horas sin interferir con la transpiración natural del cuerpo.Su presentación en atomizador es ideal para quienes prefieren una aplicación ligera y rápida. No contiene clorhidrato de aluminio, ni alcohol, ni parabenos. Es apto para piel sensible, sin fragancia, y no deja manchas en ropa ni piel. <br><br></span><span style=""font-size: 12.0pt; line-height: 115%; font-family: 'Aptos',sans-serif; mso-ascii-theme-font: minor-latin; mso-fareast-font-family: Aptos; mso-fareast-theme-font: minor-latin; mso-hansi-theme-font: minor-latin; mso-bidi-font-family: 'Times New Roman'; mso-bidi-theme-font: minor-bidi; mso-ansi-language: ES-MX; mso-fareast-language: EN-US; mso-bidi-language: AR-SA;"">Modo de empleo:<br>Acciona el aspersor, aplica en los pies y en el calzado para mejores resultados.</span><br></p>",ZAHAL PRODUCTOS NATURALES,Health & Beauty > Personal Care > Foot Care > Foot Odor Removers,"","",true,PIEZAS,INDIVIDUAL,,,,,,,,T4434,1500.0,,-3,deny,manual,131.00,,true,false,'7500326974434,https://cdn.shopify.com/s/files/1/0622/1004/8065/files/12_8cd0f3a8-7767-4859-b2cd-c58573b9c24a.png?v=1753753663,1,"",false,,,,,,,,,,,,,,,aerosol,,,,,,,,https://cdn.shopify.com/s/files/1/0622/1004/8065/files/12_8cd0f3a8-7767-4859-b2cd-c58573b9c24a.png?v=1753753663,kg,,,active
zahal-desodorante-natural-en-spray-para-pies-240ml,,,,,,,,,DUO,,,,,,,,T4435,1500.0,,-8,deny,manual,235.00,,true,false,"",https://cdn.shopify.com/s/files/1/0622/1004/8065/files/13.png?v=1753753677,2,"",,,,,,,,,,,,,,,,,,,,,,,,https://cdn.shopify.com/s/files/1/0622/1004/8065/files/13.png?v=1753753677,kg,,,
zahal-desodorante-natural-en-spray-para-pies-240ml,,,,,,,,,,,,,,,,,,,,,,,,,,,,https://cdn.shopify.com/s/files/1/0622/1004/8065/files/21.jpg?v=1753753637,3,"",,,,,,,,,,,,,,,,,,,,,,,,,,,,
zahal-desodorante-natural-en-spray-para-pies-240ml,,,,,,,,,,,,,,,,,,,,,,,,,,,,https://cdn.shopify.com/s/files/1/0622/1004/8065/files/208.jpg?v=1753740498,4,"",,,,,,,,,,,,,,,,,,,,,,,,,,,,
zahal-desodorante-natural-en-spray-para-pies-240ml,,,,,,,,,,,,,,,,,,,,,,,,,,,,https://cdn.shopify.com/s/files/1/0622/1004/8065/files/209.jpg?v=1753740498,5,"",,,,,,,,,,,,,,,,,,,,,,,,,,,,
zahal-desodorante-natural-en-spray-para-pies-240ml,,,,,,,,,,,,,,,,,,,,,,,,,,,,https://cdn.shopify.com/s/files/1/0622/1004/8065/files/210.jpg?v=1753740037,6,"",,,,,,,,,,,,,,,,,,,,,,,,,,,,
zahal-desodorante-natural-roll-on-men-90-ml,"Desodorante Natural de Piedra de Alumbre ZAHAL Roll On For men 90 ml – Sin Clorhidrato de Aluminio, Sin Alcohol, Sin Fragancia, Sin Parabenos – Con Aloe Vera – Vegano, Orgánico, No Tóxico, pH Neutro","<p><span style=""font-size: 12.0pt; line-height: 115%; font-family: 'Aptos',sans-serif; mso-ascii-theme-font: minor-latin; mso-fareast-font-family: Aptos; mso-fareast-theme-font: minor-latin; mso-hansi-theme-font: minor-latin; mso-bidi-font-family: 'Times New Roman'; mso-bidi-theme-font: minor-bidi; mso-ansi-language: ES-MX; mso-fareast-language: EN-US; mso-bidi-language: AR-SA;""><br>ZAHAL  es un desodorante natural roll on, práctico y funcional, elaborado con piedra de alumbre y extracto de sábila (aloe vera).<br></span></p>
<p><span style=""font-size: 12.0pt; line-height: 115%; font-family: 'Aptos',sans-serif; mso-ascii-theme-font: minor-latin; mso-fareast-font-family: Aptos; mso-fareast-theme-font: minor-latin; mso-hansi-theme-font: minor-latin; mso-bidi-font-family: 'Times New Roman'; mso-bidi-theme-font: minor-bidi; mso-ansi-language: ES-MX; mso-fareast-language: EN-US; mso-bidi-language: AR-SA;"">Brinda protección antibacterial hasta por 24 horas sin interferir con la transpiración natural del cuerpo.Su presentación es ideal para quienes prefieren una aplicación ligera y rápida. No contiene clorhidrato de aluminio, ni alcohol, ni parabenos.<br></span></p>
<p><span style=""font-size: 12.0pt; line-height: 115%; font-family: 'Aptos',sans-serif; mso-ascii-theme-font: minor-latin; mso-fareast-font-family: Aptos; mso-fareast-theme-font: minor-latin; mso-hansi-theme-font: minor-latin; mso-bidi-font-family: 'Times New Roman'; mso-bidi-theme-font: minor-bidi; mso-ansi-language: ES-MX; mso-fareast-language: EN-US; mso-bidi-language: AR-SA;"">Es apto para piel sensible, sin fragancia, y no deja manchas en ropa ni piel. <br><br>Modo de empleo: <br></span><span style=""font-size: 12.0pt; line-height: 115%; font-family: 'Aptos',sans-serif; mso-ascii-theme-font: minor-latin; mso-fareast-font-family: Aptos; mso-fareast-theme-font: minor-latin; mso-hansi-theme-font: minor-latin; mso-bidi-font-family: 'Times New Roman'; mso-bidi-theme-font: minor-bidi; mso-ansi-language: ES-MX; mso-fareast-language: EN-US; mso-bidi-language: AR-SA;"">Gire la canica para retirar el exceso de las sales minerales y frótelo en la piel.</span></p>",ZAHAL PRODUCTOS NATURALES,Health & Beauty > Personal Care > Deodorants & Anti-Perspirant > Deodorants,"","",true,PIEZAS,INDIVIDUAL,,,,,,,,T4628,1300.0,,-5,deny,manual,115.00,,true,true,'7500326704628,https://cdn.shopify.com/s/files/1/0622/1004/8065/files/18_b12bb71f-34f5-474a-b9dc-9bd50802f32c.png?v=1753750893,1,"",false,,,,,,,,,,,,,,,bolilla,sin-alcohol; biodegradable; producto-ecologico; libre-de-parabeno,,masculino,,,,,https://cdn.shopify.com/s/files/1/0622/1004/8065/files/18_b12bb71f-34f5-474a-b9dc-9bd50802f32c.png?v=1753750893,kg,,,active
zahal-desodorante-natural-roll-on-men-90-ml,,,,,,,,,DUO,,,,,,,,T4629,1300.0,,-15,deny,manual,208.00,,true,true,"",https://cdn.shopify.com/s/files/1/0622/1004/8065/files/19.png?v=1753750910,2,"",,,,,,,,,,,,,,,,,,,,,,,,https://cdn.shopify.com/s/files/1/0622/1004/8065/files/19.png?v=1753750910,kg,,,
zahal-desodorante-natural-roll-on-men-90-ml,,,,,,,,,,,,,,,,,,,,,,,,,,,,https://cdn.shopify.com/s/files/1/0622/1004/8065/files/118.jpg?v=1753750864,3,"",,,,,,,,,,,,,,,,,,,,,,,,,,,,
zahal-desodorante-natural-roll-on-men-90-ml,,,,,,,,,,,,,,,,,,,,,,,,,,,,https://cdn.shopify.com/s/files/1/0622/1004/8065/files/208.jpg?v=1753740498,4,"",,,,,,,,,,,,,,,,,,,,,,,,,,,,
zahal-desodorante-natural-roll-on-men-90-ml,,,,,,,,,,,,,,,,,,,,,,,,,,,,https://cdn.shopify.com/s/files/1/0622/1004/8065/files/209.jpg?v=1753740498,5,"",,,,,,,,,,,,,,,,,,,,,,,,,,,,
zahal-desodorante-natural-roll-on-men-90-ml,,,,,,,,,,,,,,,,,,,,,,,,,,,,https://cdn.shopify.com/s/files/1/0622/1004/8065/files/210.jpg?v=1753740037,6,"",,,,,,,,,,,,,,,,,,,,,,,,,,,,
zahal-desodorante-natural-roll-on-sport-con-carbon-activado-90-ml,"Desodorante Natural de Piedra de Alumbre ZAHAL Roll On Sport Cabón Activado  90 ml – Sin Clorhidrato de Aluminio, Sin Alcohol, Sin Fragancia, Sin Parabenos – Con Aloe Vera – Vegano, Orgánico, No Tóxico, pH Neutro","<p><span style=""font-size: 12.0pt; line-height: 115%; font-family: 'Aptos',sans-serif; mso-ascii-theme-font: minor-latin; mso-fareast-font-family: Aptos; mso-fareast-theme-font: minor-latin; mso-hansi-theme-font: minor-latin; mso-bidi-font-family: 'Times New Roman'; mso-bidi-theme-font: minor-bidi; mso-ansi-language: ES-MX; mso-fareast-language: EN-US; mso-bidi-language: AR-SA;"">Ideal para deportistas.<br><br>ZAHAL es un desodorante natural roll on, práctico y funcional, elaborado con piedra de alumbre y extracto de sábila (aloe vera) y carb<span>ó</span>n activado.<br></span></p>
<p><span style=""font-size: 12.0pt; line-height: 115%; font-family: 'Aptos',sans-serif; mso-ascii-theme-font: minor-latin; mso-fareast-font-family: Aptos; mso-fareast-theme-font: minor-latin; mso-hansi-theme-font: minor-latin; mso-bidi-font-family: 'Times New Roman'; mso-bidi-theme-font: minor-bidi; mso-ansi-language: ES-MX; mso-fareast-language: EN-US; mso-bidi-language: AR-SA;"">Brinda protección antibacterial hasta por 24 horas sin interferir con la transpiración natural del cuerpo.Su presentación es ideal para quienes prefieren una aplicación ligera y rápida. No contiene clorhidrato de aluminio, ni alcohol, ni parabenos.<br></span></p>
<p><span style=""font-size: 12.0pt; line-height: 115%; font-family: 'Aptos',sans-serif; mso-ascii-theme-font: minor-latin; mso-fareast-font-family: Aptos; mso-fareast-theme-font: minor-latin; mso-hansi-theme-font: minor-latin; mso-bidi-font-family: 'Times New Roman'; mso-bidi-theme-font: minor-bidi; mso-ansi-language: ES-MX; mso-fareast-language: EN-US; mso-bidi-language: AR-SA;"">Es apto para piel sensible, sin fragancia.<br>Modo de empleo: <br></span><span style=""font-size: 12.0pt; line-height: 115%; font-family: 'Aptos',sans-serif; mso-ascii-theme-font: minor-latin; mso-fareast-font-family: Aptos; mso-fareast-theme-font: minor-latin; mso-hansi-theme-font: minor-latin; mso-bidi-font-family: 'Times New Roman'; mso-bidi-theme-font: minor-bidi; mso-ansi-language: ES-MX; mso-fareast-language: EN-US; mso-bidi-language: AR-SA;"">Gire la canica para retirar el exceso de las sales minerales y frótelo en la piel.</span><br style=""mso-special-character: line-break;""></p>
<p class=""MsoNormal"" style=""mso-margin-top-alt: auto; margin-bottom: 0cm; line-height: normal; mso-layout-grid-align: none; text-autospace: none;""><span style=""font-size: 12.0pt; font-family: 'Calibri Light',sans-serif; mso-fareast-font-family: 'Times New Roman'; mso-fareast-language: ES-MX;""><span style=""vertical-align: inherit;""></span></span><span style=""font-size: 12.0pt; font-family: 'Calibri Light',sans-serif; mso-ascii-theme-font: major-latin; mso-fareast-font-family: 'Times New Roman'; mso-hansi-theme-font: major-latin; mso-bidi-theme-font: major-latin; mso-fareast-language: ES-MX;""> <br></span><span style=""font-size: 12.0pt; font-family: 'Calibri Light',sans-serif; mso-fareast-font-family: 'Times New Roman'; mso-fareast-language: ES-MX;""><span style=""vertical-align: inherit;""></span></span><span style=""font-size: 12.0pt; font-family: 'Calibri Light',sans-serif; mso-ascii-theme-font: major-latin; mso-fareast-font-family: 'Times New Roman'; mso-hansi-theme-font: major-latin; mso-bidi-theme-font: major-latin; mso-fareast-language: ES-MX;"">  <br></span><span style=""font-size: 12.0pt; font-family: 'Calibri Light',sans-serif; mso-fareast-font-family: 'Times New Roman'; mso-fareast-language: ES-MX;""><span style=""vertical-align: inherit;""></span></span><span style=""font-size: 12.0pt; font-family: 'Calibri Light',sans-serif; mso-ascii-theme-font: major-latin; mso-fareast-font-family: 'Times New Roman'; mso-hansi-theme-font: major-latin; mso-bidi-theme-font: major-latin; mso-fareast-language: ES-MX;""><span style=""vertical-align: inherit;""></span><br></span><span style=""font-size: 12.0pt; font-family: 'Calibri Light',sans-serif; mso-fareast-font-family: 'Times New Roman'; mso-fareast-language: ES-MX;""><br><br><span style=""vertical-align: inherit;""></span><br><span style=""vertical-align: inherit;""></span><br><span style=""vertical-align: inherit;""></span></span><span style=""font-size: 12.0pt; font-family: 'Times New Roman',serif; mso-fareast-font-family: 'Times New Roman'; mso-fareast-language: ES-MX;""></span></p>
<p><span style=""font-family: 'Calibri Light',sans-serif;""> </span></p>",ZAHAL PRODUCTOS NATURALES,Health & Beauty > Personal Care > Deodorants & Anti-Perspirant,"","",true,PIEZAS,INDIVIDUAL,,,,,,,,T0073,1300.0,,-4,deny,manual,120.00,,true,true,'7502278830073,https://cdn.shopify.com/s/files/1/0622/1004/8065/files/22_ff2e0357-efb6-461e-afc0-46f05cc19f51.png?v=1753751451,1,"",false,,,,,,,,,,,,,,,bolilla,organico; no-toxico; piel-sensible; libre-de-parabeno; producto-ecologico; biodegradable,,unisex,,,,,https://cdn.shopify.com/s/files/1/0622/1004/8065/files/22_ff2e0357-efb6-461e-afc0-46f05cc19f51.png?v=1753751451,kg,,,active
zahal-desodorante-natural-roll-on-sport-con-carbon-activado-90-ml,,,,,,,,,DUO,,,,,,,,T0074,1300.0,,-23,deny,manual,208.00,,true,true,"",https://cdn.shopify.com/s/files/1/0622/1004/8065/files/23.png?v=1753751463,2,"",,,,,,,,,,,,,,,,,,,,,,,,https://cdn.shopify.com/s/files/1/0622/1004/8065/files/23.png?v=1753751463,kg,,,
zahal-desodorante-natural-roll-on-sport-con-carbon-activado-90-ml,,,,,,,,,,,,,,,,,,,,,,,,,,,,https://cdn.shopify.com/s/files/1/0622/1004/8065/files/130.jpg?v=1753751422,3,"",,,,,,,,,,,,,,,,,,,,,,,,,,,,
zahal-desodorante-natural-roll-on-sport-con-carbon-activado-90-ml,,,,,,,,,,,,,,,,,,,,,,,,,,,,https://cdn.shopify.com/s/files/1/0622/1004/8065/files/208.jpg?v=1753740498,4,"",,,,,,,,,,,,,,,,,,,,,,,,,,,,
zahal-desodorante-natural-roll-on-sport-con-carbon-activado-90-ml,,,,,,,,,,,,,,,,,,,,,,,,,,,,https://cdn.shopify.com/s/files/1/0622/1004/8065/files/209.jpg?v=1753740498,5,"",,,,,,,,,,,,,,,,,,,,,,,,,,,,
zahal-desodorante-natural-roll-on-sport-con-carbon-activado-90-ml,,,,,,,,,,,,,,,,,,,,,,,,,,,,https://cdn.shopify.com/s/files/1/0622/1004/8065/files/210.jpg?v=1753740037,6,"",,,,,,,,,,,,,,,,,,,,,,,,,,,,
zahal-desodorante-natural-roll-on-teens-90-ml,"Desodorante Natural de Piedra de Alumbre ZAHAL Roll On Teens  90 ml – Sin Clorhidrato de Aluminio, Sin Alcohol, Sin Fragancia, Sin Parabenos – Con Aloe Vera – Vegano, Orgánico, No Tóxico, pH Neutro","<p><span style=""font-size: 12.0pt; line-height: 115%; font-family: 'Aptos',sans-serif; mso-ascii-theme-font: minor-latin; mso-fareast-font-family: Aptos; mso-fareast-theme-font: minor-latin; mso-hansi-theme-font: minor-latin; mso-bidi-font-family: 'Times New Roman'; mso-bidi-theme-font: minor-bidi; mso-ansi-language: ES-MX; mso-fareast-language: EN-US; mso-bidi-language: AR-SA;""><br>Ideal para niños y adolescentes.<br><br>ZAHAL es un desodorante natural roll on, práctico y funcional, elaborado con piedra de alumbre y extracto de sábila (aloe vera) y carb<span>ó</span>n activado.<br></span></p>
<p><span style=""font-size: 12.0pt; line-height: 115%; font-family: 'Aptos',sans-serif; mso-ascii-theme-font: minor-latin; mso-fareast-font-family: Aptos; mso-fareast-theme-font: minor-latin; mso-hansi-theme-font: minor-latin; mso-bidi-font-family: 'Times New Roman'; mso-bidi-theme-font: minor-bidi; mso-ansi-language: ES-MX; mso-fareast-language: EN-US; mso-bidi-language: AR-SA;"">Brinda protección antibacterial hasta por 24 horas sin interferir con la transpiración natural del cuerpo.Su presentación es ideal para quienes prefieren una aplicación ligera y rápida. No contiene clorhidrato de aluminio, ni alcohol, ni parabenos.<br></span></p>
<p><span style=""font-size: 12.0pt; line-height: 115%; font-family: 'Aptos',sans-serif; mso-ascii-theme-font: minor-latin; mso-fareast-font-family: Aptos; mso-fareast-theme-font: minor-latin; mso-hansi-theme-font: minor-latin; mso-bidi-font-family: 'Times New Roman'; mso-bidi-theme-font: minor-bidi; mso-ansi-language: ES-MX; mso-fareast-language: EN-US; mso-bidi-language: AR-SA;"">Es apto para piel sensible, sin fragancia.<br>Modo de empleo: <br></span><span style=""font-size: 12.0pt; line-height: 115%; font-family: 'Aptos',sans-serif; mso-ascii-theme-font: minor-latin; mso-fareast-font-family: Aptos; mso-fareast-theme-font: minor-latin; mso-hansi-theme-font: minor-latin; mso-bidi-font-family: 'Times New Roman'; mso-bidi-theme-font: minor-bidi; mso-ansi-language: ES-MX; mso-fareast-language: EN-US; mso-bidi-language: AR-SA;"">Gire la canica para retirar el exceso de las sales minerales y frótelo en la piel.</span></p>",ZAHAL PRODUCTOS NATURALES,Health & Beauty > Personal Care > Deodorants & Anti-Perspirant,"","",true,PIEZAS,INDIVIDUAL,,,,,,,,'7502278830479,1300.0,,-4,deny,manual,120.00,,true,true,T0479,https://cdn.shopify.com/s/files/1/0622/1004/8065/files/20_03593599-4a47-4229-9ab9-13ddd0b88349.png?v=1753748140,1,"",false,,,,,,,,,,,,,,,bolilla,no-toxico; piel-sensible; libre-de-parabeno; producto-ecologico,,unisex,,,,,https://cdn.shopify.com/s/files/1/0622/1004/8065/files/20_03593599-4a47-4229-9ab9-13ddd0b88349.png?v=1753748140,kg,,,active
zahal-desodorante-natural-roll-on-teens-90-ml,,,,,,,,,DUO,,,,,,,,'7502278830480,1300.0,,-20,deny,manual,208.00,,true,true,"",https://cdn.shopify.com/s/files/1/0622/1004/8065/files/20.png?v=1753747633,2,"",,,,,,,,,,,,,,,,,,,,,,,,https://cdn.shopify.com/s/files/1/0622/1004/8065/files/21.png?v=1753753868,kg,,,
zahal-desodorante-natural-roll-on-teens-90-ml,,,,,,,,,,,,,,,,,,,,,,,,,,,,https://cdn.shopify.com/s/files/1/0622/1004/8065/files/142.jpg?v=1753748046,3,"",,,,,,,,,,,,,,,,,,,,,,,,,,,,
zahal-desodorante-natural-roll-on-teens-90-ml,,,,,,,,,,,,,,,,,,,,,,,,,,,,https://cdn.shopify.com/s/files/1/0622/1004/8065/files/208.jpg?v=1753740498,4,"",,,,,,,,,,,,,,,,,,,,,,,,,,,,
zahal-desodorante-natural-roll-on-teens-90-ml,,,,,,,,,,,,,,,,,,,,,,,,,,,,https://cdn.shopify.com/s/files/1/0622/1004/8065/files/209.jpg?v=1753740498,5,"",,,,,,,,,,,,,,,,,,,,,,,,,,,,
zahal-desodorante-natural-roll-on-teens-90-ml,,,,,,,,,,,,,,,,,,,,,,,,,,,,https://cdn.shopify.com/s/files/1/0622/1004/8065/files/210.jpg?v=1753740037,6,"",,,,,,,,,,,,,,,,,,,,,,,,,,,,
zahal-desodorante-natural-roll-on-teens-90-ml,,,,,,,,,,,,,,,,,,,,,,,,,,,,https://cdn.shopify.com/s/files/1/0622/1004/8065/files/21.png?v=1753753868,7,"",,,,,,,,,,,,,,,,,,,,,,,,,,,,
zahal-desodorante-natural-roll-on-teens-con-aroma-30-ml,"Desodorante Natural de Piedra de Alumbre ZAHAL Roll On Teens 90 ml – Sin Clorhidrato de Aluminio, Sin Alcohol, Sin Fragancia, Sin Parabenos – Con Aloe Vera – Vegano, Orgánico, No Tóxico, pH Neutro","<p style=""mso-margin-top-alt: auto; tab-stops: 45.8pt 91.6pt 137.4pt 183.2pt 229.0pt 274.8pt 320.6pt 366.4pt 412.2pt 458.0pt 503.8pt 549.6pt 595.4pt 641.2pt 687.0pt 732.8pt; vertical-align: baseline;"" class=""MsoNormal""><br>Ideal para niños y adolescentes, con aroma fresco<span style=""font-family: 'Aptos Display',sans-serif; mso-ascii-theme-font: major-latin; mso-hansi-theme-font: major-latin; mso-bidi-font-family: 'Aptos Display'; mso-bidi-theme-font: major-latin;"">.<br></span>ZAHAL Roll on es un desodorante natural, práctico y funcional, elaborado con piedra de alumbre y extracto de sábila (aloe vera).<br>Brinda protección antibacterial hasta por 24 horas sin interferir con la transpiración natural del cuerpo.Su presentación en roll on es ideal para quienes prefieren una aplicación ligera y rápida. No contiene clorhidrato de aluminio, ni alcohol, ni parabenos. Es apto para piel sensible, sin fragancia, y no deja manchas en ropa ni piel.<br><br><span style=""font-size: 12.0pt; line-height: 115%; font-family: 'Aptos',sans-serif; mso-ascii-theme-font: minor-latin; mso-fareast-font-family: Aptos; mso-fareast-theme-font: minor-latin; mso-hansi-theme-font: minor-latin; mso-bidi-font-family: 'Times New Roman'; mso-bidi-theme-font: minor-bidi; mso-ansi-language: ES-MX; mso-fareast-language: EN-US; mso-bidi-language: AR-SA;"">Modo de empleo: <br></span>Gire la canica para activar las sales minerales y frótelo en la piel.<br></p>
<p class=""MsoNormal"" style=""mso-margin-top-alt: auto; mso-margin-bottom-alt: auto; line-height: normal;""><span style=""font-size: 12.0pt; font-family: 'Calibri Light',sans-serif; mso-ascii-theme-font: major-latin; mso-fareast-font-family: 'Times New Roman'; mso-hansi-theme-font: major-latin; mso-bidi-theme-font: major-latin; mso-fareast-language: ES-MX;""><span style=""vertical-align: inherit;""><span style=""vertical-align: inherit;""><span style=""vertical-align: inherit;""><span style=""vertical-align: inherit;""><span style=""vertical-align: inherit;""><span style=""vertical-align: inherit;""><span style=""vertical-align: inherit;""><span style=""vertical-align: inherit;""><span style=""vertical-align: inherit;""><span style=""vertical-align: inherit;""><span style=""vertical-align: inherit;""><span style=""vertical-align: inherit;""><span style=""vertical-align: inherit;""><span style=""vertical-align: inherit;""><span style=""vertical-align: inherit;""><span style=""vertical-align: inherit;""><br style=""mso-special-character: line-break;""><!--[endif]--></span></span></span></span></span></span></span></span><br><br></span></span></span></span></span></span></span></span></span></p>",ZAHAL PRODUCTOS NATURALES,Health & Beauty > Personal Care > Deodorants & Anti-Perspirant > Deodorants,"","",true,KIT ,CINCO,,,,,,,,T0486,1000.0,,-2,deny,manual,217.00,,true,false,'7502278830486,https://cdn.shopify.com/s/files/1/0622/1004/8065/files/24.png?v=1753740898,1,"",false,,,,,,,,,,,,,,,bolilla; bolilla-1,sin-alcohol; libre-de-parabeno,,unisex,,,,,https://cdn.shopify.com/s/files/1/0622/1004/8065/files/25.png?v=1753740898,kg,,,active
zahal-desodorante-natural-roll-on-teens-con-aroma-30-ml,,,,,,,,,INDIVIDUAL,,,,,,,,"",1000.0,,-3,deny,manual,62.00,,true,false,"",https://cdn.shopify.com/s/files/1/0622/1004/8065/files/25.png?v=1753740898,2,"",,,,,,,,,,,,,,,,,,,,,,,,https://cdn.shopify.com/s/files/1/0622/1004/8065/files/24.png?v=1753740898,kg,,,
zahal-desodorante-natural-roll-on-teens-con-aroma-30-ml,,,,,,,,,,,,,,,,,,,,,,,,,,,,https://cdn.shopify.com/s/files/1/0622/1004/8065/files/154.jpg?v=1753740855,3,"",,,,,,,,,,,,,,,,,,,,,,,,,,,,
zahal-desodorante-natural-roll-on-teens-con-aroma-30-ml,,,,,,,,,,,,,,,,,,,,,,,,,,,,https://cdn.shopify.com/s/files/1/0622/1004/8065/files/208.jpg?v=1753740498,4,"",,,,,,,,,,,,,,,,,,,,,,,,,,,,
zahal-desodorante-natural-roll-on-teens-con-aroma-30-ml,,,,,,,,,,,,,,,,,,,,,,,,,,,,https://cdn.shopify.com/s/files/1/0622/1004/8065/files/209.jpg?v=1753740498,5,"",,,,,,,,,,,,,,,,,,,,,,,,,,,,
zahal-desodorante-natural-roll-on-teens-con-aroma-30-ml,,,,,,,,,,,,,,,,,,,,,,,,,,,,https://cdn.shopify.com/s/files/1/0622/1004/8065/files/210.jpg?v=1753740037,6,"",,,,,,,,,,,,,,,,,,,,,,,,,,,,
zahal-desodorante-natural-roll-on-unisex-90-ml,"Desodorante Natural de Piedra de Alumbre ZAHAL Roll On Unisex 90 ml – Sin Clorhidrato de Aluminio, Sin Alcohol, Sin Fragancia, Sin Parabenos – Con Aloe Vera – Vegano, Orgánico, No Tóxico, pH Neutro","<p><span style=""font-size: 12.0pt; line-height: 115%; font-family: 'Aptos',sans-serif; mso-ascii-theme-font: minor-latin; mso-fareast-font-family: Aptos; mso-fareast-theme-font: minor-latin; mso-hansi-theme-font: minor-latin; mso-bidi-font-family: 'Times New Roman'; mso-bidi-theme-font: minor-bidi; mso-ansi-language: ES-MX; mso-fareast-language: EN-US; mso-bidi-language: AR-SA;""><br>ZAHAL es un desodorante natural roll on, práctico y funcional, elaborado con piedra de alumbre y extracto de sábila (aloe vera).<br></span></p>
<p><span style=""font-size: 12.0pt; line-height: 115%; font-family: 'Aptos',sans-serif; mso-ascii-theme-font: minor-latin; mso-fareast-font-family: Aptos; mso-fareast-theme-font: minor-latin; mso-hansi-theme-font: minor-latin; mso-bidi-font-family: 'Times New Roman'; mso-bidi-theme-font: minor-bidi; mso-ansi-language: ES-MX; mso-fareast-language: EN-US; mso-bidi-language: AR-SA;"">Brinda protección antibacterial hasta por 24 horas sin interferir con la transpiración natural del cuerpo.Su presentación es ideal para quienes prefieren una aplicación ligera y rápida. No contiene clorhidrato de aluminio, ni alcohol, ni parabenos.<br></span></p>
<p><span style=""font-size: 12.0pt; line-height: 115%; font-family: 'Aptos',sans-serif; mso-ascii-theme-font: minor-latin; mso-fareast-font-family: Aptos; mso-fareast-theme-font: minor-latin; mso-hansi-theme-font: minor-latin; mso-bidi-font-family: 'Times New Roman'; mso-bidi-theme-font: minor-bidi; mso-ansi-language: ES-MX; mso-fareast-language: EN-US; mso-bidi-language: AR-SA;"">Es apto para piel sensible, sin fragancia, y no deja manchas en ropa ni piel. <br><br>Modo de empleo: <br></span><span style=""font-size: 12.0pt; line-height: 115%; font-family: 'Aptos',sans-serif; mso-ascii-theme-font: minor-latin; mso-fareast-font-family: Aptos; mso-fareast-theme-font: minor-latin; mso-hansi-theme-font: minor-latin; mso-bidi-font-family: 'Times New Roman'; mso-bidi-theme-font: minor-bidi; mso-ansi-language: ES-MX; mso-fareast-language: EN-US; mso-bidi-language: AR-SA;"">Gire la canica para retirar el exceso de las sales y frótelo en la piel.</span><br style=""mso-special-character: line-break;""><!-- [if !supportLineBreakNewLine]--><br style=""mso-special-character: line-break;""><!--[endif]--><br></p>",ZAHAL PRODUCTOS NATURALES,Health & Beauty > Personal Care > Deodorants & Anti-Perspirant > Deodorants,"","",true,PIEZAS,INDIVIDUAL,,,,,,,,T0325,2000.0,,-15,deny,manual,110.00,,true,false,7502278830707    ,https://cdn.shopify.com/s/files/1/0622/1004/8065/files/4_92b57410-71ea-4240-8827-cb1106f7cc70.png?v=1753748770,1,"",false,,,,,,,,,,,,,,,bolilla,sin-alcohol; biodegradable; producto-ecologico; libre-de-parabeno,,unisex,,,,,https://cdn.shopify.com/s/files/1/0622/1004/8065/files/4_92b57410-71ea-4240-8827-cb1106f7cc70.png?v=1753748770,kg,,,active
zahal-desodorante-natural-roll-on-unisex-90-ml,,,,,,,,,DUO,,,,,,,,T0708,2000.0,,-31,deny,manual,200.00,,true,false,"",https://cdn.shopify.com/s/files/1/0622/1004/8065/files/5_c5dd5d96-0286-485c-989d-97a8291623c4.png?v=1753748757,2,"",,,,,,,,,,,,,,,,,,,,,,,,https://cdn.shopify.com/s/files/1/0622/1004/8065/files/5_c5dd5d96-0286-485c-989d-97a8291623c4.png?v=1753748757,kg,,,
zahal-desodorante-natural-roll-on-unisex-90-ml,,,,,,,,,,,,,,,,,,,,,,,,,,,,https://cdn.shopify.com/s/files/1/0622/1004/8065/files/95.jpg?v=1753750720,3,"",,,,,,,,,,,,,,,,,,,,,,,,,,,,
zahal-desodorante-natural-roll-on-unisex-90-ml,,,,,,,,,,,,,,,,,,,,,,,,,,,,https://cdn.shopify.com/s/files/1/0622/1004/8065/files/208.jpg?v=1753740498,4,"",,,,,,,,,,,,,,,,,,,,,,,,,,,,
zahal-desodorante-natural-roll-on-unisex-90-ml,,,,,,,,,,,,,,,,,,,,,,,,,,,,https://cdn.shopify.com/s/files/1/0622/1004/8065/files/209.jpg?v=1753740498,5,"",,,,,,,,,,,,,,,,,,,,,,,,,,,,
zahal-desodorante-natural-roll-on-unisex-90-ml,,,,,,,,,,,,,,,,,,,,,,,,,,,,https://cdn.shopify.com/s/files/1/0622/1004/8065/files/210.jpg?v=1753740037,6,"",,,,,,,,,,,,,,,,,,,,,,,,,,,,
zahal-desodorante-natural-stick-60-g,"Desodorante Natural de Piedra de Alumbre ZAHAL 60 g  Unisex – Sin Clorhidrato de Aluminio, Sin Parabenos, Sin Alcohol, Sin Aroma, Vegano, Orgánico, No Mancha la piel ni la ropa, pH Neutro","<p>ZAHAL Stick de piedra de alumbre es un desodorante natural en piedra, práctico y funcional, elaborado de piedra de alumbre.</p>
<p>Brinda protección antibacterial hasta por 24 horas sin interferir con la transpiración natural del cuerpo.Su presentación en stick es ideal para quienes prefieren una aplicación ligera y rápida. No contiene clorhidrato de aluminio, ni alcohol, ni parabenos. Es apto para piel sensible, sin fragancia, y no deja manchas en ropa ni piel.</p>
<p>Modo de empleo:<br>Humedezca la piedra y frótela en las axilas.<br>Duración de 2 años.</p>",ZAHAL PRODUCTOS NATURALES,Health & Beauty > Personal Care > Deodorants & Anti-Perspirant > Deodorants,"","",true,PIEZAS,INDIVIDUAL,,,,,,,,T0332,1000.0,,-2,deny,manual,189.00,,true,false,'7502278830332,https://cdn.shopify.com/s/files/1/0622/1004/8065/files/9_8bfc3190-0f7b-4627-b0a3-08f674e99f15.png?v=1753751926,1,"",false,,,,,,,,,,,,,,,palillo,sin-alcohol; biodegradable; producto-ecologico; libre-de-parabeno,,unisex,,,,,https://cdn.shopify.com/s/files/1/0622/1004/8065/files/9_8bfc3190-0f7b-4627-b0a3-08f674e99f15.png?v=1753751926,kg,,,active
zahal-desodorante-natural-stick-60-g,,,,,,,,,TRIO,,,,,,,,T0333,1000.0,,0,deny,manual,499.00,,true,false,"",https://cdn.shopify.com/s/files/1/0622/1004/8065/files/10.png?v=1753752239,2,"",,,,,,,,,,,,,,,,,,,,,,,,https://cdn.shopify.com/s/files/1/0622/1004/8065/files/10.png?v=1753752239,kg,,,
zahal-desodorante-natural-stick-60-g,,,,,,,,,,,,,,,,,,,,,,,,,,,,https://cdn.shopify.com/s/files/1/0622/1004/8065/files/180.jpg?v=1753751947,3,"",,,,,,,,,,,,,,,,,,,,,,,,,,,,
zahal-desodorante-natural-stick-60-g,,,,,,,,,,,,,,,,,,,,,,,,,,,,https://cdn.shopify.com/s/files/1/0622/1004/8065/files/208.jpg?v=1753740498,4,"",,,,,,,,,,,,,,,,,,,,,,,,,,,,
zahal-desodorante-natural-stick-60-g,,,,,,,,,,,,,,,,,,,,,,,,,,,,https://cdn.shopify.com/s/files/1/0622/1004/8065/files/209.jpg?v=1753740498,5,"",,,,,,,,,,,,,,,,,,,,,,,,,,,,
zahal-desodorante-natural-stick-60-g,,,,,,,,,,,,,,,,,,,,,,,,,,,,https://cdn.shopify.com/s/files/1/0622/1004/8065/files/210.jpg?v=1753740037,6,"",,,,,,,,,,,,,,,,,,,,,,,,,,,,
zahal-desodorante-natural-stik-120-g,"Desodorante Natural de Piedra de Alumbre ZAHAL 120 g  Unisex – Sin Clorhidrato de Aluminio, Sin Parabenos, Sin Alcohol, Sin Aroma, Vegano, Orgánico, No Mancha la piel ni la ropa, pH Neutro","<p class=""MsoNormal""><span style=""font-family: 'Calibri Light',sans-serif;""><span style=""vertical-align: inherit;""><span style=""vertical-align: inherit;""><span style=""vertical-align: inherit;""><span style=""vertical-align: inherit;""><span style=""font-size: 12.0pt; line-height: 115%; font-family: 'Aptos',sans-serif; mso-ascii-theme-font: minor-latin; mso-fareast-font-family: Aptos; mso-fareast-theme-font: minor-latin; mso-hansi-theme-font: minor-latin; mso-bidi-font-family: 'Times New Roman'; mso-bidi-theme-font: minor-bidi; mso-ansi-language: ES-MX; mso-fareast-language: EN-US; mso-bidi-language: AR-SA;""><br>ZAHAL Stick es un desodorante natural en piedra, práctico y funcional, elaborado de piedra de alumbre. <br><br>Brinda protección antibacterial hasta por 24 horas sin interferir con la transpiración natural del cuerpo.Su presentación en stick es ideal para quienes prefieren una aplicación ligera y rápida. No contiene clorhidrato de aluminio, ni alcohol, ni parabenos. Es apto para piel sensible, sin fragancia, y no deja manchas en ropa ni piel.<br><br>Modo de empleo: <br><span style=""vertical-align: inherit;""><span style=""vertical-align: inherit;""><span style=""vertical-align: inherit;""><span style=""vertical-align: inherit;""><span style=""vertical-align: inherit;"">Humedezca la piedra y frótela en las axilas. <br></span></span></span></span></span><span style=""vertical-align: inherit;""><span style=""vertical-align: inherit;""><span style=""vertical-align: inherit;""><span style=""vertical-align: inherit;""><span style=""vertical-align: inherit;"">Duración de 4 años.</span></span></span></span></span><br></span></span></span></span></span></span></p>
<p><span style=""vertical-align: inherit;""><br></span><span style=""vertical-align: inherit;""><span style=""vertical-align: inherit;""><span style=""vertical-align: inherit;""></span></span><br></span><span style=""vertical-align: inherit;""><span style=""vertical-align: inherit;""><span style=""vertical-align: inherit;""></span></span><br></span><span style=""vertical-align: inherit;""><span style=""vertical-align: inherit;""><span style=""vertical-align: inherit;""></span></span><br></span><br><span style=""vertical-align: inherit;""><span style=""vertical-align: inherit;""><span style=""vertical-align: inherit;""></span></span><br></span><span style=""vertical-align: inherit;""><span style=""vertical-align: inherit;""><span style=""vertical-align: inherit;""></span></span><br></span><span style=""vertical-align: inherit;""><span style=""vertical-align: inherit;""><span style=""vertical-align: inherit;""></span></span></span></p>",ZAHAL PRODUCTOS NATURALES,Health & Beauty > Personal Care > Deodorants & Anti-Perspirant > Deodorants,"","",true,PIEZAS,INDIVIDUAL,,,,,,,,T0349,1000.0,,-5,continue,manual,275.00,,true,false,'7502278830349,https://cdn.shopify.com/s/files/1/0622/1004/8065/files/Imagenes_Pagina_Web_1.png?v=1753731242,1,"",false,,,,,,,,,,,,,,,palillo,sin-alcohol; biodegradable; producto-ecologico; libre-de-parabeno; piel-sensible,,unisex,,,,,https://cdn.shopify.com/s/files/1/0622/1004/8065/files/Imagenes_Pagina_Web_1.png?v=1753731242,kg,,,active
zahal-desodorante-natural-stik-120-g,,,,,,,,,DUO,,,,,,,,T0350,1000.0,,-8,continue,manual,495.00,,true,false,"",https://cdn.shopify.com/s/files/1/0622/1004/8065/files/SQUARE_ZAHAL_9.jpg?v=1753731242,2,"",,,,,,,,,,,,,,,,,,,,,,,,https://cdn.shopify.com/s/files/1/0622/1004/8065/files/Imagenes_Pagina_Web_358fd5fe-7fe2-4cb0-b21c-b19d38fde9f1.png?v=1753732434,kg,,,
zahal-desodorante-natural-stik-120-g,,,,,,,,,,,,,,,,,,,,,,,,,,,,https://cdn.shopify.com/s/files/1/0622/1004/8065/files/168.jpg?v=1753730625,3,"",,,,,,,,,,,,,,,,,,,,,,,,,,,,
zahal-desodorante-natural-stik-120-g,,,,,,,,,,,,,,,,,,,,,,,,,,,,https://cdn.shopify.com/s/files/1/0622/1004/8065/files/208.jpg?v=1753740498,4,"",,,,,,,,,,,,,,,,,,,,,,,,,,,,
zahal-desodorante-natural-stik-120-g,,,,,,,,,,,,,,,,,,,,,,,,,,,,https://cdn.shopify.com/s/files/1/0622/1004/8065/files/209.jpg?v=1753740498,5,"",,,,,,,,,,,,,,,,,,,,,,,,,,,,
zahal-desodorante-natural-stik-120-g,,,,,,,,,,,,,,,,,,,,,,,,,,,,https://cdn.shopify.com/s/files/1/0622/1004/8065/files/210.jpg?v=1753740037,6,"",,,,,,,,,,,,,,,,,,,,,,,,,,,,
zahal-desodorante-natural-stik-120-g,,,,,,,,,,,,,,,,,,,,,,,,,,,,https://cdn.shopify.com/s/files/1/0622/1004/8065/files/Imagenes_Pagina_Web_358fd5fe-7fe2-4cb0-b21c-b19d38fde9f1.png?v=1753732434,7,"",,,,,,,,,,,,,,,,,,,,,,,,,,,,
zahal-jabon-natural-arbol-de-te-100g,"Jabón Natural Corporal, elimina el olor corporal y auxiliar en el tratamiento de acné Árbol de Té 100 g","<p><span style=""font-family: 'Calibri Light',sans-serif;""><span style=""vertical-align: inherit;""><span style=""vertical-align: inherit;""><span style=""vertical-align: inherit;""><span style=""vertical-align: inherit;"">Jabón Natural Árbol de Té 100 g  </span></span></span></span></span><br><br><span style=""font-family: 'Calibri Light',sans-serif;""><span style=""vertical-align: inherit;""><span style=""vertical-align: inherit;""><span style=""vertical-align: inherit;""><span style=""vertical-align: inherit;""><span style=""vertical-align: inherit;""><span style=""vertical-align: inherit;""><span style=""vertical-align: inherit;""><span style=""vertical-align: inherit;""><span style=""vertical-align: inherit;""><span style=""vertical-align: inherit;""><span style=""vertical-align: inherit;""><span style=""vertical-align: inherit;""><span style=""vertical-align: inherit;""><span style=""vertical-align: inherit;"">Jabón corporal de amplio espectro, elimina las bacterias, hongos y virus. Así como infecciones leves de la piel y del cuero cabelludo, ayuda en el tratamiento del pie de atleta.  </span></span></span></span></span><br></span></span></span></span></span></span></span></span></span><span style=""vertical-align: inherit;""><span style=""vertical-align: inherit;""><span style=""vertical-align: inherit;""><span style=""vertical-align: inherit;""><span style=""vertical-align: inherit;""><span style=""vertical-align: inherit;""><span style=""vertical-align: inherit;""><span style=""vertical-align: inherit;""><span style=""vertical-align: inherit;""><span style=""vertical-align: inherit;""><span style=""vertical-align: inherit;""><span style=""vertical-align: inherit;""><span style=""vertical-align: inherit;""><span style=""vertical-align: inherit;"">Eliminar el mal olor corporal. </span></span></span></span></span><br></span></span></span></span></span></span></span></span></span><span style=""vertical-align: inherit;""><span style=""vertical-align: inherit;""><span style=""vertical-align: inherit;""><span style=""vertical-align: inherit;""><span style=""vertical-align: inherit;""><span style=""vertical-align: inherit;""><span style=""vertical-align: inherit;""><span style=""vertical-align: inherit;""><span style=""vertical-align: inherit;""><span style=""vertical-align: inherit;""><span style=""vertical-align: inherit;""><span style=""vertical-align: inherit;""><span style=""vertical-align: inherit;""><span style=""vertical-align: inherit;"">Auxiliar en el tratamiento del acné. </span></span></span></span></span><br></span></span></span></span></span></span></span></span></span><span style=""vertical-align: inherit;""><span style=""vertical-align: inherit;""><span style=""vertical-align: inherit;""><span style=""vertical-align: inherit;""><span style=""vertical-align: inherit;""><span style=""vertical-align: inherit;""><span style=""vertical-align: inherit;""><span style=""vertical-align: inherit;""><span style=""vertical-align: inherit;""><span style=""vertical-align: inherit;""><span style=""vertical-align: inherit;""><span style=""vertical-align: inherit;""><span style=""vertical-align: inherit;""><span style=""vertical-align: inherit;"">Ideal para después de tatuar tu piel, ya que evita que se infecte y acelere el proceso de cicatrización. </span></span></span></span></span><br></span></span><br></span></span></span></span></span></span></span><span style=""vertical-align: inherit;""><span style=""vertical-align: inherit;""><span style=""vertical-align: inherit;""><span style=""vertical-align: inherit;""><span style=""vertical-align: inherit;""><span style=""vertical-align: inherit;""><span style=""vertical-align: inherit;""><span style=""vertical-align: inherit;""><span style=""vertical-align: inherit;""><span style=""vertical-align: inherit;""><span style=""vertical-align: inherit;""><span style=""vertical-align: inherit;""><span style=""vertical-align: inherit;""><span style=""vertical-align: inherit;"">Modo de empleo: </span></span></span></span></span><br></span></span></span></span></span></span></span></span></span><span style=""vertical-align: inherit;""><span style=""vertical-align: inherit;""><span style=""vertical-align: inherit;""><span style=""vertical-align: inherit;""><span style=""vertical-align: inherit;""><span style=""vertical-align: inherit;""><span style=""vertical-align: inherit;""><span style=""vertical-align: inherit;""><span style=""vertical-align: inherit;""><span style=""vertical-align: inherit;""><span style=""vertical-align: inherit;""><span style=""vertical-align: inherit;""><span style=""vertical-align: inherit;""><span style=""vertical-align: inherit;"">Se recomienda usar durante la ducha diaria, frotar directamente en la piel y enjuagar con abundante agua.</span></span></span></span></span></span></span></span></span></span></span></span></span></span></span></p>",ZAHAL PRODUCTOS NATURALES,Health & Beauty > Personal Care > Cosmetics > Bath & Body > Bar Soap,"","",true,PIEZAS,INDIVIDUAL,,,,,,,,T7464,2000.0,,-9,deny,manual,68.00,,true,false,'7500326757464,https://cdn.shopify.com/s/files/1/0622/1004/8065/files/14_e454b680-c7d9-44e4-8bdc-8b1984a6974d.png?v=1753753777,1,"",false,,,,,,,,,,,,,,,,,sensible; todos-los-tipos-de-piel,,,,,,https://cdn.shopify.com/s/files/1/0622/1004/8065/files/14_e454b680-c7d9-44e4-8bdc-8b1984a6974d.png?v=1753753777,kg,,,active
zahal-jabon-natural-arbol-de-te-100g,,,,,,,,,DUO,,,,,,,,T7465,2000.0,,-8,deny,manual,125.00,,true,false,"",https://cdn.shopify.com/s/files/1/0622/1004/8065/files/15.png?v=1753753788,2,"",,,,,,,,,,,,,,,,,,,,,,,,https://cdn.shopify.com/s/files/1/0622/1004/8065/files/15.png?v=1753753788,kg,,,
zahal-jabon-natural-arbol-de-te-100g,,,,,,,,,,,,,,,,,,,,,,,,,,,,https://cdn.shopify.com/s/files/1/0622/1004/8065/files/198.jpg?v=1753753750,3,"",,,,,,,,,,,,,,,,,,,,,,,,,,,,
zahal-jabon-natural-arbol-de-te-100g,,,,,,,,,,,,,,,,,,,,,,,,,,,,https://cdn.shopify.com/s/files/1/0622/1004/8065/files/208.jpg?v=1753740498,4,"",,,,,,,,,,,,,,,,,,,,,,,,,,,,
zahal-jabon-natural-arbol-de-te-100g,,,,,,,,,,,,,,,,,,,,,,,,,,,,https://cdn.shopify.com/s/files/1/0622/1004/8065/files/209.jpg?v=1753740498,5,"",,,,,,,,,,,,,,,,,,,,,,,,,,,,
zahal-jabon-natural-arbol-de-te-100g,,,,,,,,,,,,,,,,,,,,,,,,,,,,https://cdn.shopify.com/s/files/1/0622/1004/8065/files/210.jpg?v=1753740037,6,"",,,,,,,,,,,,,,,,,,,,,,,,,,,,
zahal-limpiador-de-manos-natural-en-spray-240-ml,"Limpiador de manos Natural con Piedra de Alumbre ZAHAL 240 ml,Sin Alcohol, Sin Aroma, Vegano, Orgánico, No Mancha la piel , ph neutro","<p class=""MsoNormal"" style=""mso-margin-top-alt: auto; mso-margin-bottom-alt: auto;""><span style=""font-size: 12.0pt; line-height: 107%; font-family: 'Calibri Light',sans-serif; mso-fareast-font-family: 'Times New Roman'; mso-fareast-language: ES-MX;"">Limpiador para manos natural en spray 240 ml.  <br><br>Hecho a base de piedra de alumbre, sin alcohol, sin aroma. <br>Libre de residuos, deja la piel suave y limpia. <br>Rinde más que las presentaciones en gel, porque no se volatiliza al contacto con la piel</span></p>
<p class=""MsoNormal"" style=""mso-margin-top-alt: auto; mso-margin-bottom-alt: auto; line-height: normal;""><span style=""font-size: 12.0pt; font-family: 'Calibri Light',sans-serif; mso-fareast-font-family: 'Times New Roman'; mso-fareast-language: ES-MX;"">Modo de empleo: <br>Aplique en manos y frote uniformemente hasta cubrirlas perfectamente, una vez aplicada no se enjuague.<br>No contamina el medio ambiente.</span></p>
<p> </p>",ZAHAL PRODUCTOS NATURALES,Health & Beauty > Personal Care > Cosmetics > Bath & Body > Hand Sanitizers & Wipes,"","",true,Title,Default Title,,,,,,,,T0356,1000.0,,-2,deny,manual,86.00,,true,true,'7502278830356,https://cdn.shopify.com/s/files/1/0622/1004/8065/files/16.png?v=1753753019,1,"",false,,,,,,,,,,,,,,,,,,,,,,,,kg,,,active
